Name,Score
Bookcase,0.7645741105079651
Bookcase,0.7386375665664673
Cabinetry,0.7265341281890869
Chest of drawers,0.6886476874351501
Houseplant,0.6351786851882935
Lighting,0.5016977787017822
