Name,Score
Person,0.7087791562080383
Building,0.5842214822769165
Person,0.5443738102912903
Clothing,0.5393914580345154
Person,0.5355849266052246
Person,0.5140319466590881
